Province,Electoral District Name/Nom de circonscription,Electoral District Number/Numéro de circonscription,Population,Electors/Électeurs,Voting desks/Tables de vote,Valid Ballots/Bulletins valides,Percentage of Valid Ballots /Pourcentage des bulletins valides,Rejected Ballots/Bulletins rejetés,Percentage of Rejected Ballots /Pourcentage des bulletins rejetés,Total Ballots Cast/Total des bulletins déposés,Percentage of Voter Turnout/Pourcentage de la participation électorale,Elected Candidate/Candidat élu
"Newfoundland and Labrador/Terre-Neuve-et-Labrador","Avalon",10001,81781,70859,201,47030,99.2,389,.8,47419,66.9,"Connors, Paul Liberal/Libéral"
"Newfoundland and Labrador/Terre-Neuve-et-Labrador","Cape Spear",10002,85038,69828,175,45988,99,451,1,46439,66.5,"Osborne, Tom Liberal/Libéral"
"Newfoundland and Labrador/Terre-Neuve-et-Labrador","Central Newfoundland",10003,74122,64095,231,40636,98.8,492,1.2,41128,64.2,"Small, Clifford Conservative/Conservateur"
"Newfoundland and Labrador/Terre-Neuve-et-Labrador","Labrador",10004,26655,20027,83,11284,98.5,168,1.5,11452,57.2,"Earle, Philip Liberal/Libéral"
"Newfoundland and Labrador/Terre-Neuve-et-Labrador","Long Range Mountains",10005,81795,71680,251,46143,99,452,1,46595,65,"Anstey, Carol Conservative/Conservateur"
"Newfoundland and Labrador/Terre-Neuve-et-Labrador","St. John's East/St. John's-Est",10006,85038,66394,194,46051,99.1,440,.9,46491,70,"Thompson, Joanne Liberal/Libéral"
"Newfoundland and Labrador/Terre-Neuve-et-Labrador","Terra Nova--The Peninsulas/Terra Nova--Les Péninsules",10007,76121,64709,268,40875,98,819,2,41694,64.4,"Rowe, Jonathan Conservative/Conservateur"
"Prince Edward Island/Île-du-Prince-Édouard","Cardigan",11001,39236,32251,95,25261,99.1,233,.9,25494,79,"MacDonald, Kent Liberal/Libéral"
"Prince Edward Island/Île-du-Prince-Édouard","Charlottetown",11002,38809,28003,75,21089,99,214,1,21303,76.1,"Casey, Sean Liberal/Libéral"
"Prince Edward Island/Île-du-Prince-Édouard","Egmont",11003,37751,31387,97,24008,99,241,1,24249,77.3,"Morrissey, Bobby Liberal/Libéral"
"Prince Edward Island/Île-du-Prince-Édouard","Malpeque",11004,38535,33088,95,26883,99.2,216,.8,27099,81.9,"MacDonald, Heath Liberal/Libéral"
"Nova Scotia/Nouvelle-Écosse","Acadie--Annapolis",12001,76252,67446,211,48298,99.4,311,.6,48609,72.1,"d'Entremont, Chris Conservative/Conservateur"
"Nova Scotia/Nouvelle-Écosse","Cape Breton--Canso--Antigonish",12002,75141,64665,239,48278,99.4,288,.6,48566,75.1,"Battiste, Jaime Liberal/Libéral"
"Nova Scotia/Nouvelle-Écosse","Central Nova/Nova-Centre",12003,76210,67801,224,50213,99.3,346,.7,50559,74.6,"Fraser, Sean Liberal/Libéral"
"Nova Scotia/Nouvelle-Écosse","Cumberland--Colchester",12004,82014,70762,220,49530,99.4,310,.6,49840,70.4,"Hirtle, Alana Liberal/Libéral"
"Nova Scotia/Nouvelle-Écosse","Dartmouth--Cole Harbour",12005,104825,83877,215,59634,99.5,305,.5,59939,71.5,"Fisher, Darren Liberal/Libéral"
"Nova Scotia/Nouvelle-Écosse","Halifax",12006,98885,72377,173,52160,99.3,365,.7,52525,72.6,"Miedema, Shannon Liberal/Libéral"
"Nova Scotia/Nouvelle-Écosse","Halifax West/Halifax-Ouest",12007,99228,76003,208,55184,99.2,426,.8,55610,73.2,"Diab, Lena Metlege Liberal/Libéral"
"Nova Scotia/Nouvelle-Écosse","Kings--Hants",12008,95063,82243,250,59179,99.3,388,.7,59567,72.4,"Blois, Kody Liberal/Libéral"
"Nova Scotia/Nouvelle-Écosse","Sackville--Bedford--Preston",12009,100416,80508,228,58190,99.3,416,.7,58606,72.8,"Clark, Braedon Liberal/Libéral"
"Nova Scotia/Nouvelle-Écosse","South Shore--St. Margarets",12010,79130,70712,227,50711,99.3,376,.7,51087,72.2,"Fancy-Landry, Jessica Liberal/Libéral"
"Nova Scotia/Nouvelle-Écosse","Sydney--Glace Bay",12011,82219,68679,209,47166,99.2,373,.8,47539,69.2,"Kelloway, Mike Liberal/Libéral"
"New Brunswick/Nouveau-Brunswick","Acadie--Bathurst",13001,79581,69444,250,48248,98.8,594,1.2,48842,70.3,"Cormier, Serge Liberal/Libéral"
"New Brunswick/Nouveau-Brunswick","Beauséjour",13002,88591,77871,216,59631,99.4,350,.6,59981,77,"LeBlanc, Dominic Liberal/Libéral"
"New Brunswick/Nouveau-Brunswick","Fredericton--Oromocto",13003,85389,66852,174,50169,99.5,243,.5,50412,75.4,"Myles, David Liberal/Libéral"
"New Brunswick/Nouveau-Brunswick","Fundy Royal",13004,73554,63195,177,47611,99.5,234,.5,47845,75.7,"Moore, Rob Conservative/Conservateur"
"New Brunswick/Nouveau-Brunswick","Madawaska--Restigouche",13005,70597,59312,184,41178,99,398,1,41576,70.1,"Deschênes-Thériault, Guillaume Liberal/Libéral"
"New Brunswick/Nouveau-Brunswick","Miramichi--Grand Lake",13006,59725,52312,173,38257,99.2,302,.8,38559,73.7,"Dawson, Mike Conservative/Conservateur"
"New Brunswick/Nouveau-Brunswick","Moncton--Dieppe",13007,91961,68246,180,47958,99.3,356,.7,48314,70.8,"Petitpas Taylor, Ginette Liberal/Libéral"
"New Brunswick/Nouveau-Brunswick","Saint John--Kennebecasis",13008,81932,65035,157,44967,99.4,257,.6,45224,69.5,"Long, Wayne Liberal/Libéral"
"New Brunswick/Nouveau-Brunswick","Saint John--St. Croix",13009,80192,68013,210,50092,99.3,356,.7,50448,74.2,"Williamson, John Conservative/Conservateur"
"New Brunswick/Nouveau-Brunswick","Tobique--Mactaquac",13010,64088,54064,178,39667,99.5,203,.5,39870,73.7,"Bragdon, Richard Conservative/Conservateur"
"Quebec/Québec","Abitibi--Baie-James--Nunavik--Eeyou",24001,89087,66061,212,30561,97.6,747,2.4,31308,47.4,"Gull-Masty, Mandy Liberal/Libéral"
"Quebec/Québec","Abitibi--Témiscamingue",24002,103735,82144,273,50115,98.3,851,1.7,50966,62,"Lemire, Sébastien Bloc Québécois/Bloc Québécois"
"Quebec/Québec","Ahuntsic-Cartierville",24003,111511,76573,214,50577,98.3,871,1.7,51448,67.2,"Joly, Mélanie Liberal/Libéral"
"Quebec/Québec","Alfred-Pellan",24004,113173,88300,242,60331,98.3,1015,1.7,61346,69.5,"Iacono, Angelo Liberal/Libéral"
"Quebec/Québec","Argenteuil--La Petite-Nation",24005,108903,92957,282,59233,98.6,828,1.4,60061,64.6,"Lauzon, Stéphane Liberal/Libéral"
"Quebec/Québec","Beauce",24006,111034,89069,243,62982,98.5,963,1.5,63945,71.8,"Groleau, Jason Conservative/Conservateur"
"Quebec/Québec","Beauharnois--Salaberry--Soulanges--Huntingdon",24007,118474,103422,285,68314,98.5,1033,1.5,69347,67.1,"Debellefeuille, Claude Bloc Québécois/Bloc Québécois"
"Quebec/Québec","Beauport--Limoilou",24008,113598,90513,241,61418,98.5,939,1.5,62357,68.9,"Lavoie, Steeve Liberal/Libéral"
"Quebec/Québec","Bécancour--Nicolet--Saurel--Alnôbak",24009,96439,82292,253,54318,98.2,973,1.8,55291,67.2,"Plamondon, Louis Bloc Québécois/Bloc Québécois"
"Quebec/Québec","Bellechasse--Les Etchemins--Lévis",24010,111737,91884,289,65398,98.4,1071,1.6,66469,72.3,"Vien, Dominique Conservative/Conservateur"
"Quebec/Québec","Beloeil--Chambly",24011,114551,91379,265,68052,98.7,873,1.3,68925,75.4,"Blanchet, Yves-François Bloc Québécois/Bloc Québécois"
"Quebec/Québec","Berthier--Maskinongé",24012,108640,92625,282,61956,98.4,981,1.6,62937,67.9,"Perron, Yves Bloc Québécois/Bloc Québécois"
"Quebec/Québec","Bourassa",24013,105637,65762,183,36202,97.5,929,2.5,37131,56.5,"Sari, Abdelhaq Liberal/Libéral"
"Quebec/Québec","Brome--Missisquoi",24014,113913,100653,297,71952,98.8,888,1.2,72840,72.4,"Villeneuve, Louis Liberal/Libéral"
"Quebec/Québec","Brossard--Saint-Lambert",24015,114286,87028,225,58739,98.9,632,1.1,59371,68.2,"Mendès, Alexandra Liberal/Libéral"
"Quebec/Québec","Charlesbourg--Haute-Saint-Charles",24016,113308,90724,235,65266,98.6,937,1.4,66203,73,"Paul-Hus, Pierre Conservative/Conservateur"
"Quebec/Québec","Châteauguay--Les Jardins-de-Napierville",24017,114947,91599,254,62501,98.5,975,1.5,63476,69.3,"Provost, Nathalie Liberal/Libéral"
"Quebec/Québec","Chicoutimi--Le Fjord",24018,92460,75229,209,50839,98.6,721,1.4,51560,68.5,"Martel, Richard Conservative/Conservateur"
"Quebec/Québec","Compton--Stanstead",24019,113282,92790,283,65620,98.7,849,1.3,66469,71.6,"Dandurand, Marianne Liberal/Libéral"
"Quebec/Québec","Côte-du-Sud-Rivière-du-Loup-Kataskomiq-Témiscouata",24020,116216,95882,345,62992,98.5,967,1.5,63959,66.7,"Généreux, Bernard Conservative/Conservateur"
"Quebec/Québec","Côte-Nord--Kawawachikamach--Nitassinan",24021,88525,71289,243,37183,98.6,535,1.4,37718,52.9,"Gill, Marilène Bloc Québécois/Bloc Québécois"
"Quebec/Québec","Dorval--Lachine--LaSalle",24022,114661,80468,220,50420,98.8,616,1.2,51036,63.4,"Dhillon, Anju Liberal/Libéral"
"Quebec/Québec","Drummond",24023,107967,88171,232,56239,98.1,1095,1.9,57334,65,"Champoux, Martin Bloc Québécois/Bloc Québécois"
"Quebec/Québec","Gaspésie--Les Îles-de-la-Madeleine--Listuguj",24024,110225,95760,335,56984,98.5,845,1.5,57829,60.4,"Deschênes, Alexis Bloc Québécois/Bloc Québécois"
"Quebec/Québec","Gatineau",24025,109624,85183,226,57399,98.9,633,1.1,58032,68.1,"MacKinnon, Steven Liberal/Libéral"
"Quebec/Québec","Hochelaga--Rosemont-Est",24026,110039,79314,223,51147,98.4,818,1.6,51965,65.5,"Ménard, Marie-Gabrielle Liberal/Libéral"
"Quebec/Québec","Honoré-Mercier",24027,105434,77770,212,49780,98.3,838,1.7,50618,65.1,"St-Pierre, Eric Liberal/Libéral"
"Quebec/Québec","Hull--Aylmer",24028,105559,74942,202,51487,99,515,1,52002,69.4,"Fergus, Greg Liberal/Libéral"
"Quebec/Québec","Joliette--Manawan",24029,104882,89829,252,57229,98.1,1087,1.9,58316,64.9,"Ste-Marie, Gabriel Bloc Québécois/Bloc Québécois"
"Quebec/Québec","Jonquière",24030,91061,75860,211,50629,98.4,817,1.6,51446,67.8,"Simard, Mario Bloc Québécois/Bloc Québécois"
"Quebec/Québec","La Pointe-de-l'Île",24031,110486,83342,240,53209,98.2,987,1.8,54196,65,"Beaulieu, Mario Bloc Québécois/Bloc Québécois"
"Quebec/Québec","La Prairie--Atateken",24032,114968,92660,224,66761,98.8,787,1.2,67548,72.9,"Ramsay, Jacques Liberal/Libéral"
"Quebec/Québec","Lac-Saint-Jean",24033,92031,75686,240,47756,98.6,689,1.4,48445,64,"Brunelle-Duceppe, Alexis Bloc Québécois/Bloc Québécois"
"Quebec/Québec","Lac-Saint-Louis",24034,110093,86164,212,64242,99.3,437,.7,64679,75.1,"Scarpaleggia, Francis Liberal/Libéral"
"Quebec/Québec","LaSalle--Émard--Verdun",24035,112298,82042,202,53953,98.8,662,1.2,54615,66.6,"Guay, Claude Liberal/Libéral"
"Quebec/Québec","Laurentides--Labelle",24036,92897,82215,228,52983,98.3,896,1.7,53879,65.5,"Gaudreau, Marie-Hélène Bloc Québécois/Bloc Québécois"
"Quebec/Québec","Laurier--Sainte-Marie",24037,115704,82797,196,52401,98.9,602,1.1,53003,64,"Guilbeault, Steven Liberal/Libéral"
"Quebec/Québec","Laval--Les Îles",24038,111784,87010,213,56916,98.7,758,1.3,57674,66.3,"El-Khoury, Fayçal Liberal/Libéral"
"Quebec/Québec","Les Pays-d'en-Haut",24039,106834,95508,233,65703,98.7,848,1.3,66551,69.7,"Watchorn, Tim Liberal/Libéral"
"Quebec/Québec","Lévis--Lotbinière",24040,112830,92237,257,69821,98.7,906,1.3,70727,76.7,"Gourde, Jacques Conservative/Conservateur"
"Quebec/Québec","Longueuil--Charles-LeMoyne",24041,112257,81931,225,50900,98,1031,2,51931,63.4,"Romanado, Sherry Liberal/Libéral"
"Quebec/Québec","Longueuil--Saint-Hubert",24042,115082,86591,231,59138,98.1,1172,1.9,60310,69.6,"Joseph, Natilien Liberal/Libéral"
"Quebec/Québec","Louis-Hébert",24043,106117,79695,222,60445,98.8,729,1.2,61174,76.8,"Lightbound, Joël Liberal/Libéral"
"Quebec/Québec","Louis-Saint-Laurent--Akiawenhrahk",24044,113220,91866,241,65817,98.6,928,1.4,66745,72.7,"Deltell, Gérard Conservative/Conservateur"
"Quebec/Québec","Marc-Aurèle-Fortin",24045,104636,83139,189,57563,98.3,993,1.7,58556,70.4,"Leitão, Carlos Liberal/Libéral"
"Quebec/Québec","Mégantic--L'Érable--Lotbinière",24046,103114,84972,259,58635,98.4,981,1.6,59616,70.2,"Berthold, Luc Conservative/Conservateur"
"Quebec/Québec","Mirabel",24047,100598,82613,213,56359,98.5,885,1.5,57244,69.3,"Garon, Jean-Denis Bloc Québécois/Bloc Québécois"
"Quebec/Québec","Mont-Saint-Bruno--L'Acadie",24049,111323,88845,232,68251,98.7,871,1.3,69122,77.8,"Ntumba, Bienvenu-Olivier Liberal/Libéral"
"Quebec/Québec","Montcalm",24050,111954,93551,243,58519,97.8,1291,2.2,59810,63.9,"Thériault, Luc Bloc Québécois/Bloc Québécois"
"Quebec/Québec","Montmorency--Charlevoix",24051,101119,83455,251,59407,98.8,732,1.2,60139,72.1,"Hardy, Gabriel Conservative/Conservateur"
"Quebec/Québec","Mount Royal/Mont-Royal",24048,112706,77303,202,50028,98.6,707,1.4,50735,65.6,"Housefather, Anthony Liberal/Libéral"
"Quebec/Québec","Notre-Dame-de-Grâce--Westmount",24052,111377,80279,215,53490,99.1,482,.9,53972,67.2,"Gainey, Anna Liberal/Libéral"
"Quebec/Québec","Outremont",24053,115051,76592,169,47142,98.7,606,1.3,47748,62.3,"Bendayan, Rachel Liberal/Libéral"
"Quebec/Québec","Papineau",24054,110813,72069,189,46619,98.6,640,1.4,47259,65.6,"Michel, Marjorie Liberal/Libéral"
"Quebec/Québec","Pierre-Boucher--Les Patriotes--Verchères",24055,103020,82835,214,62426,98.7,796,1.3,63222,76.3,"Barsalou-Duval, Xavier Bloc Québécois/Bloc Québécois"
"Quebec/Québec","Pierrefonds--Dollard",24056,109497,83229,223,57136,99,568,1,57704,69.3,"Zuberi, Sameer Liberal/Libéral"
"Quebec/Québec","Pontiac--Kitigan Zibi",24057,111138,85977,249,58773,99,587,1,59360,69,"Chatel, Sophie Liberal/Libéral"
"Quebec/Québec","Portneuf--Jacques-Cartier",24058,106611,88570,260,64941,98.9,734,1.1,65675,74.2,"Godin, Joël Conservative/Conservateur"
"Quebec/Québec","Québec Centre/Québec-Centre",24059,103977,82857,240,56319,96.9,1782,3.1,58101,70.1,"Duclos, Jean-Yves Liberal/Libéral"
"Quebec/Québec","Repentigny",24060,111373,89929,232,63015,98.2,1129,1.8,64144,71.3,"Bonin, Patrick Bloc Québécois/Bloc Québécois"
"Quebec/Québec","Richmond--Arthabaska",24061,110651,90756,268,62546,98.2,1177,1.8,63723,70.2,"Lefebvre, Éric Conservative/Conservateur"
"Quebec/Québec","Rimouski--La Matapédia",24062,102019,84254,277,54040,98.7,724,1.3,54764,65,"Blanchette-Joncas, Maxime Bloc Québécois/Bloc Québécois"
"Quebec/Québec","Rivière-des-Mille-Îles",24063,104960,84606,245,59887,98.6,862,1.4,60749,71.8,"Lapointe, Linda Liberal/Libéral"
"Quebec/Québec","Rivière-du-Nord",24064,113514,93725,267,58018,97.7,1349,2.3,59367,63.3,"Fortin, Rhéal Bloc Québécois/Bloc Québécois"
"Quebec/Québec","Rosemont--La Petite-Patrie",24065,112909,83229,213,59420,98.7,755,1.3,60175,72.3,"Boulerice, Alexandre NDP-New Democratic Party/NPD-Nouveau Parti démocratique"
"Quebec/Québec","Saint-Hyacinthe--Bagot--Acton",24066,105086,84618,248,57986,98.2,1072,1.8,59058,69.8,"Savard-Tremblay, Simon-Pierre Bloc Québécois/Bloc Québécois"
"Quebec/Québec","Saint-Jean",24067,114617,93678,251,64215,98.3,1133,1.7,65348,69.8,"Normandin, Christine Bloc Québécois/Bloc Québécois"
"Quebec/Québec","Saint-Laurent",24068,108763,74250,164,44185,98.5,663,1.5,44848,60.4,"Lambropoulos, Emmanuella Liberal/Libéral"
"Quebec/Québec","Saint-Léonard--Saint-Michel",24069,112922,72428,184,41066,97.7,955,2.3,42021,58,"Lattanzio, Patricia Liberal/Libéral"
"Quebec/Québec","Saint-Maurice--Champlain",24070,111997,96348,293,62240,98.4,1001,1.6,63241,65.6,"Champagne, François-Philippe Liberal/Libéral"
"Quebec/Québec","Shefford",24071,115924,96387,269,66631,98.3,1156,1.7,67787,70.3,"Larouche, Andréanne Bloc Québécois/Bloc Québécois"
"Quebec/Québec","Sherbrooke",24072,116844,91260,241,60931,98.6,845,1.4,61776,67.7,"Brière, Élisabeth Liberal/Libéral"
"Quebec/Québec","Terrebonne",24073,113797,89966,206,60278,98.6,840,1.4,61118,67.9,"Auguste, Tatiana Liberal/Libéral"
"Quebec/Québec","Thérèse-De Blainville",24074,112160,90085,229,64397,98.4,1069,1.6,65466,72.7,"Chenette, Madeleine Liberal/Libéral"
"Quebec/Québec","Trois-Rivières",24075,114064,91717,267,61317,98.3,1046,1.7,62363,68,"Desrochers, Caroline Liberal/Libéral"
"Quebec/Québec","Vaudreuil",24076,120653,95475,245,70818,99.1,652,.9,71470,74.9,"Schiefke, Peter Liberal/Libéral"
"Quebec/Québec","Ville-Marie--Le Sud-Ouest--Île-des-Soeurs",24077,114364,82037,197,48519,98.9,533,1.1,49052,59.8,"Miller, Marc Liberal/Libéral"
"Quebec/Québec","Vimy",24078,108773,84434,209,49677,97.7,1186,2.3,50863,60.2,"Koutrakis, Annie Liberal/Libéral"
"Ontario","Ajax",35001,126666,98246,224,65650,99.3,484,.7,66134,67.3,"McKelvie, Jennifer Liberal/Libéral"
"Ontario","Algonquin--Renfrew--Pembroke",35002,107420,93133,260,67018,99.4,375,.6,67393,72.4,"Gallant, Cheryl Conservative/Conservateur"
"Ontario","Aurora--Oak Ridges--Richmond Hill",35003,117750,90016,217,62169,99.3,410,.7,62579,69.5,"Menegakis, Costas Conservative/Conservateur"
"Ontario","Barrie South--Innisfil/Barrie-Sud--Innisfil",35004,120378,99737,182,67325,99.4,437,.6,67762,67.9,"Brassard, John Conservative/Conservateur"
"Ontario","Barrie--Springwater--Oro-Medonte",35005,115495,93580,219,65709,99.4,415,.6,66124,70.7,"Shipley, Doug Conservative/Conservateur"
"Ontario","Bay of Quinte",35006,110164,94044,221,65182,99.5,359,.5,65541,69.7,"Malette, Chris Liberal/Libéral"
"Ontario","Beaches--East York",35007,109359,82102,204,58755,99.5,311,.5,59066,71.9,"Erskine-Smith, Nate Liberal/Libéral"
"Ontario","Bowmanville--Oshawa North/Bowmanville--Oshawa-Nord",35008,128534,102318,246,70788,99.3,500,.7,71288,69.7,"Jivani, Jamil Conservative/Conservateur"
"Ontario","Brampton Centre/Brampton-Centre",35009,109450,67013,181,40760,99.2,338,.8,41098,61.3,"Sodhi, Amandeep Liberal/Libéral"
"Ontario","Brampton East/Brampton-Est",35011,119214,75257,168,48605,98.8,598,1.2,49203,65.4,"Sidhu, Maninder Liberal/Libéral"
"Ontario","Brampton North--Caledon/Brampton-Nord--Caledon",35012,106762,70012,173,46595,99,449,1,47044,67.2,"Sahota, Ruby Liberal/Libéral"
"Ontario","Brampton South/Brampton-Sud",35013,113252,69038,167,44603,99.1,418,.9,45021,65.2,"Sidhu, Sonia Liberal/Libéral"
"Ontario","Brampton West/Brampton-Ouest",35014,114260,66711,135,42387,99,448,1,42835,64.2,"Gill, Amarjeet Conservative/Conservateur"
"Ontario","Brampton--Chinguacousy Park",35010,115568,70674,198,44080,98.9,473,1.1,44553,63,"Ali, Shafqat Liberal/Libéral"
"Ontario","Brantford--Brant South--Six Nations/Brantford--Brant-Sud--Six Nations",35015,121511,103074,219,65793,99.5,357,.5,66150,64.2,"Brock, Larry Conservative/Conservateur"
"Ontario","Bruce--Grey--Owen Sound",35016,113348,96300,274,66911,99.5,349,.5,67260,69.8,"Ruff, Alex Conservative/Conservateur"
"Ontario","Burlington",35017,125435,102695,265,78126,99.4,463,.6,78589,76.5,"Gould, Karina Liberal/Libéral"
"Ontario","Burlington North--Milton West/Burlington-Nord--Milton-Ouest",35018,125575,95825,206,70441,99.5,366,.5,70807,73.9,"Van Koeverden, Adam Liberal/Libéral"
"Ontario","Cambridge",35019,119493,94289,213,65419,99.3,438,.7,65857,69.8,"Cody, Connie Conservative/Conservateur"
"Ontario","Carleton",35020,124416,106504,264,86060,99.3,595,.7,86655,81.4,"Fanjoy, Bruce Liberal/Libéral"
"Ontario","Chatham-Kent--Leamington",35021,134226,107156,293,72351,99.4,444,.6,72795,67.9,"Epp, Dave Conservative/Conservateur"
"Ontario","Davenport",35022,125048,93839,221,61174,99.1,528,.9,61702,65.8,"Dzerowicz, Julie Liberal/Libéral"
"Ontario","Don Valley North/Don Valley-Nord",35023,111122,77608,174,48527,99.1,422,.9,48949,63.1,"Chi, Maggie Liberal/Libéral"
"Ontario","Don Valley West/Don Valley-Ouest",35024,120579,86895,160,58664,99.2,479,.8,59143,68.1,"Oliphant, Rob Liberal/Libéral"
"Ontario","Dufferin--Caledon",35025,120812,99794,238,70595,99.6,318,.4,70913,71.1,"Seeback, Kyle Conservative/Conservateur"
"Ontario","Eglinton--Lawrence",35026,115832,86901,211,60761,99.3,416,.7,61177,70.4,"Gasparro, Vince Liberal/Libéral"
"Ontario","Elgin--St. Thomas--London South/Elgin--St. Thomas--London-Sud",35027,112448,95033,178,64949,99.4,417,.6,65366,68.8,"Lawton, Andrew Conservative/Conservateur"
"Ontario","Essex",35028,131691,110489,276,80181,99.4,490,.6,80671,73,"Lewis, Chris Conservative/Conservateur"
"Ontario","Etobicoke Centre/Etobicoke-Centre",35029,125606,98795,206,67510,99.2,556,.8,68066,68.9,"Baker, Yvan Liberal/Libéral"
"Ontario","Etobicoke North/Etobicoke-Nord",35031,116886,76238,189,42355,99.3,304,.7,42659,56,"Zerucelli, John Liberal/Libéral"
"Ontario","Etobicoke--Lakeshore",35030,120956,93945,219,65338,99.4,369,.6,65707,69.9,"Maloney, James Liberal/Libéral"
"Ontario","Flamborough--Glanbrook--Brant North/Flamborough--Glanbrook--Brant-Nord",35032,103836,87881,206,66884,99.3,447,.7,67331,76.6,"Muys, Dan Conservative/Conservateur"
"Ontario","Guelph",35033,118498,92031,209,66593,99.4,375,.6,66968,72.8,"O'Rourke, Dominique Liberal/Libéral"
"Ontario","Haldimand--Norfolk",35034,116706,99764,264,71606,99.5,360,.5,71966,72.1,"Lewis, Leslyn Conservative/Conservateur"
"Ontario","Haliburton--Kawartha Lakes",35035,119150,104455,312,75503,99.4,451,.6,75954,72.7,"Schmale, Jamie Conservative/Conservateur"
"Ontario","Hamilton Centre/Hamilton-Centre",35036,126188,92179,225,56952,99.2,480,.8,57432,62.3,"Rana, Aslam Liberal/Libéral"
"Ontario","Hamilton East--Stoney Creek/Hamilton-Est--Stoney Creek",35037,126570,98661,235,67468,99.2,572,.8,68040,69,"Kuruc, Ned Conservative/Conservateur"
"Ontario","Hamilton Mountain",35038,115634,89205,184,59893,99.1,529,.9,60422,67.7,"Hepfner, Lisa Liberal/Libéral"
"Ontario","Hamilton West--Ancaster--Dundas/Hamilton-Ouest--Ancaster--Dundas",35039,120551,94542,231,69464,99.5,356,.5,69820,73.9,"Danko, John-Paul Liberal/Libéral"
"Ontario","Hastings--Lennox and Addington--Tyendinaga",35040,106468,93716,256,66281,99.5,363,.5,66644,71.1,"Kramp-Neuman, Shelby Conservative/Conservateur"
"Ontario","Humber River--Black Creek",35041,111593,70557,178,38398,98.7,507,1.3,38905,55.1,"Sgro, Judy Liberal/Libéral"
"Ontario","Huron--Bruce",35042,112929,92420,257,69657,99.5,352,.5,70009,75.8,"Lobb, Ben Conservative/Conservateur"
"Ontario","Kanata",35043,121458,95641,235,74460,99.4,457,.6,74917,78.3,"Sudds, Jenna Liberal/Libéral"
"Ontario","Kapuskasing--Timmins--Mushkegowuk",35044,93948,76004,198,47137,99.1,408,.9,47545,62.6,"Malette, Gaétan Conservative/Conservateur"
"Ontario","Kenora--Kiiwetinoong",35045,61962,45420,150,26892,99.4,174,.6,27066,59.6,"Melillo, Eric Conservative/Conservateur"
"Ontario","King--Vaughan",35047,124401,96019,243,67747,99.1,584,.9,68331,71.2,"Roberts, Anna Conservative/Conservateur"
"Ontario","Kingston and the Islands/Kingston et les Îles",35046,134415,108014,278,76993,99.4,432,.6,77425,71.7,"Gerretsen, Mark Liberal/Libéral"
"Ontario","Kitchener Centre/Kitchener-Centre",35048,113404,86447,211,59084,99.3,399,.7,59483,68.8,"DeRidder, Kelly Conservative/Conservateur"
"Ontario","Kitchener South--Hespeler/Kitchener-Sud--Hespeler",35050,119851,86781,201,60431,99.4,360,.6,60791,70.1,"Strauss, Matt Conservative/Conservateur"
"Ontario","Kitchener--Conestoga",35049,112953,84469,203,62087,99.5,283,.5,62370,73.8,"Louis, Tim Liberal/Libéral"
"Ontario","Lanark--Frontenac",35051,103120,89989,259,67813,99.3,465,.7,68278,75.9,"Reid, Scott Conservative/Conservateur"
"Ontario","Leeds--Grenville--Thousand Islands--Rideau Lakes",35052,104075,91042,238,66811,99.5,356,.5,67167,73.8,"Barrett, Michael Conservative/Conservateur"
"Ontario","London Centre/London-Centre",35053,126597,89727,261,59923,99.5,329,.5,60252,67.2,"Fragiskatos, Peter Liberal/Libéral"
"Ontario","London West/London-Ouest",35055,114374,86827,202,62808,99.4,397,.6,63205,72.8,"Kayabaga, Arielle Liberal/Libéral"
"Ontario","London--Fanshawe",35054,126286,93354,227,58523,99,596,1,59119,63.3,"Holman, Kurt Conservative/Conservateur"
"Ontario","Markham--Stouffville",35056,120845,89529,215,61644,99.5,334,.5,61978,69.2,"Jaczek, Helena Liberal/Libéral"
"Ontario","Markham--Thornhill",35057,111087,79714,197,50429,99.4,305,.6,50734,63.6,"Hodgson, Tim Liberal/Libéral"
"Ontario","Markham--Unionville",35058,116972,84154,218,53414,99.4,319,.6,53733,63.9,"Ma, Michael Conservative/Conservateur"
"Ontario","Middlesex--London",35059,115610,95239,241,69847,99.5,352,.5,70199,73.7,"Rood, Lianne Conservative/Conservateur"
"Ontario","Milton East--Halton Hills South/Milton-Est--Halton Hills-Sud",35060,116592,90990,199,66685,99.5,328,.5,67013,73.6,"Tesser Derksen, Kristina Liberal/Libéral"
"Ontario","Mississauga Centre/Mississauga-Centre",35061,124084,88592,223,54976,99.2,454,.8,55430,62.6,"Al Soud, Fares Liberal/Libéral"
"Ontario","Mississauga East--Cooksville/Mississauga-Est--Cooksville",35062,120196,86223,220,54056,98.9,610,1.1,54666,63.4,"Fonseca, Peter Liberal/Libéral"
"Ontario","Mississauga--Erin Mills",35063,120241,90543,210,60039,99.3,445,.7,60484,66.8,"Khalid, Iqra Liberal/Libéral"
"Ontario","Mississauga--Lakeshore",35064,119936,95220,253,66797,99.5,317,.5,67114,70.5,"Sousa, Charles Liberal/Libéral"
"Ontario","Mississauga--Malton",35065,119741,81871,191,50268,99.2,386,.8,50654,61.9,"Gaheer, Iqwinder Singh Liberal/Libéral"
"Ontario","Mississauga--Streetsville",35066,113763,87180,214,60731,99.5,294,.5,61025,70,"Valdez, Rechie Liberal/Libéral"
"Ontario","Nepean",35067,122229,94129,227,72237,99.4,420,.6,72657,77.2,"Carney, Mark Liberal/Libéral"
"Ontario","New Tecumseth--Gwillimbury",35069,119358,97255,121,66125,99.3,442,.7,66567,68.4,"Davidson, Scot Conservative/Conservateur"
"Ontario","Newmarket--Aurora",35068,117699,88805,210,62312,99.1,582,.9,62894,70.8,"Cobena, Sandra Conservative/Conservateur"
"Ontario","Niagara Falls--Niagara-on-the-Lake",35070,113503,91058,200,60595,99.2,463,.8,61058,67.1,"Baldinelli, Tony Conservative/Conservateur"
"Ontario","Niagara South/Niagara-Sud",35071,132500,113955,264,76763,99.5,416,.5,77179,67.7,"Davies, Fred Conservative/Conservateur"
"Ontario","Niagara West/Niagara-Ouest",35072,112065,93414,235,70413,99.5,348,.5,70761,75.7,"Allison, Dean Conservative/Conservateur"
"Ontario","Nipissing--Timiskaming",35073,98237,84973,226,58576,99.5,273,.5,58849,69.3,"Rochefort, Pauline Liberal/Libéral"
"Ontario","Northumberland--Clarke",35074,106574,95368,252,71192,99.5,326,.5,71518,75,"Lawrence, Philip Conservative/Conservateur"
"Ontario","Oakville East/Oakville-Est",35075,108735,83892,192,60872,99.5,335,.5,61207,73,"Anand, Anita Liberal/Libéral"
"Ontario","Oakville West/Oakville-Ouest",35076,105024,81132,193,60043,99.4,384,.6,60427,74.5,"Acan, Sima Liberal/Libéral"
"Ontario","Orléans",35077,126918,103193,251,78803,99.3,548,.7,79351,76.9,"Lalonde, Marie-France Liberal/Libéral"
"Ontario","Oshawa",35078,131067,104837,197,66700,99.2,522,.8,67222,64.1,"Kirkland, Rhonda Conservative/Conservateur"
"Ontario","Ottawa Centre/Ottawa-Centre",35079,126560,105823,264,81338,99.3,604,.7,81942,77.4,"Naqvi, Yasir Liberal/Libéral"
"Ontario","Ottawa South/Ottawa-Sud",35080,126791,96956,231,66564,99.3,503,.7,67067,69.2,"McGuinty, David Liberal/Libéral"
"Ontario","Ottawa West--Nepean/Ottawa-Ouest--Nepean",35082,128592,95412,249,68445,99.3,492,.7,68937,72.3,"Vandenbeld, Anita Liberal/Libéral"
"Ontario","Ottawa--Vanier--Gloucester",35081,126999,99345,255,68183,99,705,1,68888,69.3,"Fortier, Mona Liberal/Libéral"
"Ontario","Oxford",35083,121781,100501,241,71551,99.6,305,.4,71856,71.5,"Khanna, Arpan Conservative/Conservateur"
"Ontario","Parry Sound--Muskoka",35084,104504,91006,253,64653,99.5,353,.5,65006,71.4,"Aitchison, Scott Conservative/Conservateur"
"Ontario","Perth--Wellington",35085,113929,90478,220,64092,99.5,339,.5,64431,71.2,"Nater, John Conservative/Conservateur"
"Ontario","Peterborough",35086,128349,107119,306,79059,99.6,314,.4,79373,74.1,"Harrison, Emma Liberal/Libéral"
"Ontario","Pickering--Brooklin",35087,122430,101706,261,71232,99.5,371,.5,71603,70.4,"Nathan, Juanita Liberal/Libéral"
"Ontario","Prescott--Russell--Cumberland",35088,109125,94910,262,71393,99.3,530,.7,71923,75.8,"Mingarelli, Giovanna Liberal/Libéral"
"Ontario","Richmond Hill South/Richmond Hill-Sud",35089,124748,93862,251,58584,99.1,531,.9,59115,63,"Ho, Vincent Conservative/Conservateur"
"Ontario","St. Catharines",35101,119873,97096,222,66810,99.3,439,.7,67249,69.3,"Bittle, Chris Liberal/Libéral"
"Ontario","Sarnia--Lambton--Bkejwanong",35090,128154,107133,268,76389,99.5,377,.5,76766,71.7,"Gladu, Marilyn Conservative/Conservateur"
"Ontario","Sault Ste. Marie--Algoma",35091,113772,96688,282,65317,99.5,354,.5,65671,67.9,"Sheehan, Terry Liberal/Libéral"
"Ontario","Scarborough Centre--Don Valley East/Scarborough-Centre--Don Valley-Est",35093,111377,78512,212,48088,99,488,1,48576,61.9,"Zahid, Salma Liberal/Libéral"
"Ontario","Scarborough North/Scarborough-Nord",35095,116177,78591,203,46732,99.1,446,.9,47178,60,"Chen, Shaun Liberal/Libéral"
"Ontario","Scarborough Southwest/Scarborough-Sud-Ouest",35096,123232,86452,193,54476,99.5,264,.5,54740,63.3,"Blair, Bill Liberal/Libéral"
"Ontario","Scarborough--Agincourt",35092,123969,84229,200,50733,99.1,466,.9,51199,60.8,"Yip, Jean Liberal/Libéral"
"Ontario","Scarborough--Guildwood--Rouge Park",35094,114100,84845,214,55185,99.4,321,.6,55506,65.4,"Anandasangaree, Gary Liberal/Libéral"
"Ontario","Scarborough--Woburn",35097,110589,71167,185,41868,99.1,386,.9,42254,59.4,"Coteau, Michael Liberal/Libéral"
"Ontario","Simcoe North/Simcoe-Nord",35099,112022,97780,225,66605,99.3,482,.7,67087,68.6,"Chambers, Adam Conservative/Conservateur"
"Ontario","Simcoe--Grey",35098,107836,95606,219,67907,99.4,402,.6,68309,71.4,"Dowdall, Terry Conservative/Conservateur"
"Ontario","Spadina--Harbourfront",35100,105739,82164,169,52990,99.4,310,.6,53300,64.9,"Nguyen, Chi Liberal/Libéral"
"Ontario","Stormont--Dundas--Glengarry",35102,114637,97432,276,66407,99.4,417,.6,66824,68.6,"Duncan, Eric Conservative/Conservateur"
"Ontario","Sudbury",35103,114384,88956,246,60839,99.1,522,.9,61361,69,"Lapointe, Viviane Liberal/Libéral"
"Ontario","Sudbury East--Manitoulin--Nickel Belt/Sudbury-Est--Manitoulin--Nickel Belt",35104,99827,86550,255,60323,99.4,363,.6,60686,70.1,"Belanger, Jim Conservative/Conservateur"
"Ontario","Taiaiako'n--Parkdale--High Park",35105,117873,92829,219,65313,99.5,299,.5,65612,70.7,"Bardeesy, Karim Liberal/Libéral"
"Ontario","Thornhill",35106,124866,98136,258,66918,99,663,1,67581,68.9,"Lantsman, Melissa Conservative/Conservateur"
"Ontario","Thunder Bay--Rainy River",35107,82357,65953,203,43531,99.4,249,.6,43780,66.4,"Powlowski, Marcus Liberal/Libéral"
"Ontario","Thunder Bay--Superior North/Thunder Bay--Supérieur-Nord",35108,86147,67546,195,45512,99.4,271,.6,45783,67.8,"Hajdu, Patty Liberal/Libéral"
"Ontario","Toronto Centre/Toronto-Centre",35109,121703,92863,185,58922,99.3,436,.7,59358,63.9,"Solomon, Evan Liberal/Libéral"
"Ontario","Toronto--Danforth",35110,105472,82673,202,58881,99.4,350,.6,59231,71.6,"Dabrusin, Julie Liberal/Libéral"
"Ontario","Toronto--St. Paul's",35111,125438,97650,236,71581,99.5,387,.5,71968,73.7,"Church, Leslie Liberal/Libéral"
"Ontario","University--Rosedale",35112,123812,95884,203,62265,99.3,466,.7,62731,65.4,"Freeland, Chrystia Liberal/Libéral"
"Ontario","Vaughan--Woodbridge",35113,121705,95716,225,67355,99.3,477,.7,67832,70.9,"Guglielmin, Michael Conservative/Conservateur"
"Ontario","Waterloo",35114,121436,87283,216,63193,99.5,318,.5,63511,72.8,"Chagger, Bardish Liberal/Libéral"
"Ontario","Wellington--Halton Hills North/Wellington--Halton Hills-Nord",35115,105468,88161,220,66646,99.4,371,.6,67017,76,"Chong, Michael Conservative/Conservateur"
"Ontario","Whitby",35116,115257,94712,235,67594,99.3,457,.7,68051,71.9,"Turnbull, Ryan Liberal/Libéral"
"Ontario","Willowdale",35117,118218,79526,195,47689,99,461,1,48150,60.5,"Ehsassi, Ali Liberal/Libéral"
"Ontario","Windsor West/Windsor-Ouest",35119,130162,95075,229,54888,99.2,446,.8,55334,58.2,"Gill, Harb Conservative/Conservateur"
"Ontario","Windsor--Tecumseh--Lakeshore",35118,131097,106151,280,70138,99.4,458,.6,70596,66.5,"Borrelli, Kathy Conservative/Conservateur"
"Ontario","York Centre/York-Centre",35120,108307,75704,170,47619,98.7,642,1.3,48261,63.7,"Baber, Roman Conservative/Conservateur"
"Ontario","York South--Weston--Etobicoke/York-Sud--Weston--Etobicoke",35122,111369,78311,192,44599,98.8,527,1.2,45126,57.6,"Hussen, Ahmed Liberal/Libéral"
"Ontario","York--Durham",35121,116560,100468,224,72582,99.3,506,.7,73088,72.7,"Mantle, Jacob Conservative/Conservateur"
"Manitoba","Brandon--Souris",46001,93930,67504,191,46027,99.2,376,.8,46403,68.7,"Jackson, Grant Conservative/Conservateur"
"Manitoba","Churchill--Keewatinook Aski",46002,82741,50006,155,20469,98.7,265,1.3,20734,41.5,"Chartrand, Rebecca Liberal/Libéral"
"Manitoba","Elmwood--Transcona",46003,99504,71888,155,46830,99.3,316,.7,47146,65.6,"Reynolds, Colin Conservative/Conservateur"
"Manitoba","Kildonan--St. Paul",46004,99467,77758,206,55521,99.4,351,.6,55872,71.9,"Dancho, Raquel Conservative/Conservateur"
"Manitoba","Portage--Lisgar",46005,94840,68152,192,45965,99.3,335,.7,46300,67.9,"Leslie, Branden Conservative/Conservateur"
"Manitoba","Provencher",46006,100332,74061,199,51803,99.3,383,.7,52186,70.5,"Falk, Ted Conservative/Conservateur"
"Manitoba","Riding Mountain/Mont-Riding",46007,90962,64799,241,41873,99.4,265,.6,42138,65,"Mazier, Dan Conservative/Conservateur"
"Manitoba","St. Boniface--St. Vital/Saint-Boniface--Saint-Vital",46008,99975,76021,194,54520,99.3,410,.7,54930,72.3,"Lavack, Ginette Liberal/Libéral"
"Manitoba","Selkirk--Interlake--Eastman",46009,98620,77468,268,54479,99.4,331,.6,54810,70.8,"Bezan, James Conservative/Conservateur"
"Manitoba","Winnipeg Centre/Winnipeg-Centre",46010,96951,64577,165,34289,98.9,371,1.1,34660,53.7,"Gazan, Leah NDP-New Democratic Party/NPD-Nouveau Parti démocratique"
"Manitoba","Winnipeg North/Winnipeg-Nord",46011,95082,58893,150,34173,99.2,270,.8,34443,58.5,"Lamoureux, Kevin Liberal/Libéral"
"Manitoba","Winnipeg South/Winnipeg-Sud",46012,99793,64611,164,46319,99.3,338,.7,46657,72.2,"Duguid, Terry Liberal/Libéral"
"Manitoba","Winnipeg South Centre/Winnipeg-Centre-Sud",46013,95882,71485,186,53178,99.4,300,.6,53478,74.8,"Carr, Ben Liberal/Libéral"
"Manitoba","Winnipeg West/Winnipeg-Ouest",46014,94074,74069,190,55591,99.4,325,.6,55916,75.5,"Eyolfson, Doug Liberal/Libéral"
"Saskatchewan","Battlefords--Lloydminster--Meadow Lake",47001,83248,60057,175,37787,99.2,290,.8,38077,63.4,"Falk, Rosemarie Conservative/Conservateur"
"Saskatchewan","Carlton Trail--Eagle Creek/Sentier Carlton--Eagle Creek",47002,84111,62947,177,47051,99.3,312,.7,47363,75.2,"Block, Kelly Conservative/Conservateur"
"Saskatchewan","Desnethé--Missinippi--Churchill River/Desnethé--Missinippi--Rivière Churchill",47003,37845,25125,68,9027,99,90,1,9117,36.3,"Belanger, Buckley Liberal/Libéral"
"Saskatchewan","Moose Jaw--Lake Centre--Lanigan",47004,83319,63114,199,45879,99.4,257,.6,46136,73.1,"Tolmie, Fraser Conservative/Conservateur"
"Saskatchewan","Prince Albert",47005,88521,63528,169,38844,99.1,348,.9,39192,61.7,"Hoback, Randy Conservative/Conservateur"
"Saskatchewan","Regina--Lewvan",47006,86899,61753,151,43969,99.3,295,.7,44264,71.7,"Steinley, Warren Conservative/Conservateur"
"Saskatchewan","Regina--Qu'Appelle",47007,89275,65317,201,42244,99.2,324,.8,42568,65.2,"Scheer, Andrew Conservative/Conservateur"
"Saskatchewan","Regina--Wascana",47008,89063,63446,132,44077,99.3,294,.7,44371,69.9,"Kram, Michael Conservative/Conservateur"
"Saskatchewan","Saskatoon South/Saskatoon-Sud",47009,89562,69288,174,49756,99.2,414,.8,50170,72.4,"Waugh, Kevin Conservative/Conservateur"
"Saskatchewan","Saskatoon West/Saskatoon-Ouest",47011,87865,64347,157,37631,99,394,1,38025,59.1,"Redekopp, Brad Conservative/Conservateur"
"Saskatchewan","Saskatoon--University",47010,88714,65656,168,47425,99.3,330,.7,47755,72.7,"Tochor, Corey Conservative/Conservateur"
"Saskatchewan","Souris--Moose Mountain",47012,75208,56166,209,41428,99.4,237,.6,41665,74.2,"Bonk, Steven Conservative/Conservateur"
"Saskatchewan","Swift Current--Grasslands--Kindersley",47013,75686,56100,186,39388,99.3,272,.7,39660,70.7,"Patzer, Jeremy Conservative/Conservateur"
"Saskatchewan","Yorkton--Melville",47014,73189,56542,204,37013,99.3,272,.7,37285,65.9,"Wagantall, Cathay Conservative/Conservateur"
"Alberta","Airdrie--Cochrane",48001,115230,95076,208,70560,99.4,457,.6,71017,74.7,"Richards, Blake Conservative/Conservateur"
"Alberta","Battle River--Crowfoot",48002,110212,87578,276,64807,99.4,391,.6,65198,74.4,"Kurek, Damien Conservative/Conservateur"
"Alberta","Bow River",48003,112763,85571,219,56554,99.3,391,.7,56945,66.5,"Bexte, David Conservative/Conservateur"
"Alberta","Calgary Centre/Calgary-Centre",48004,120536,92309,190,62946,99.4,387,.6,63333,68.6,"McLean, Greg Conservative/Conservateur"
"Alberta","Calgary Confederation",48005,119508,93071,231,68839,99.3,483,.7,69322,74.5,"Hogan, Corey Liberal/Libéral"
"Alberta","Calgary Crowfoot",48006,117541,92358,182,67935,99.5,358,.5,68293,73.9,"Kelly, Pat Conservative/Conservateur"
"Alberta","Calgary East/Calgary-Est",48007,119550,90001,224,53674,99.1,469,.9,54143,60.2,"Hallan, Jasraj Conservative/Conservateur"
"Alberta","Calgary Heritage",48008,119557,93515,203,68493,99.5,372,.5,68865,73.6,"Majumdar, Shuv Conservative/Conservateur"
"Alberta","Calgary McKnight",48009,123148,76258,194,42478,98.6,622,1.4,43100,56.5,"Gill, Dalwinder Conservative/Conservateur"
"Alberta","Calgary Midnapore",48010,118694,100409,241,73432,99.5,397,.5,73829,73.5,"Kusie, Stephanie Conservative/Conservateur"
"Alberta","Calgary Nose Hill",48011,117677,89425,182,61592,99.5,298,.5,61890,69.2,"Rempel Garner, Michelle Conservative/Conservateur"
"Alberta","Calgary Shepard",48012,115093,91069,188,65249,99.6,294,.4,65543,72,"Kmiec, Tom Conservative/Conservateur"
"Alberta","Calgary Signal Hill",48013,120203,93742,238,69225,99.5,382,.5,69607,74.3,"McKenzie, David GL Conservative/Conservateur"
"Alberta","Calgary Skyview",48014,115277,82111,164,50152,99.3,362,.7,50514,61.5,"Gill, Amanpreet S. Conservative/Conservateur"
"Alberta","Edmonton Centre/Edmonton-Centre",48015,115160,87067,185,54428,99.1,479,.9,54907,63.1,"Olszewski, Eleanor Liberal/Libéral"
"Alberta","Edmonton Gateway",48016,110184,77277,154,52152,99.2,442,.8,52594,68.1,"Uppal, Tim Conservative/Conservateur"
"Alberta","Edmonton Griesbach",48017,111126,87071,186,48966,99.1,446,.9,49412,56.7,"Diotte, Kerry Conservative/Conservateur"
"Alberta","Edmonton Manning",48018,112180,82238,140,49807,99,505,1,50312,61.2,"Aboultaif, Ziad Conservative/Conservateur"
"Alberta","Edmonton Northwest/Edmonton-Nord-Ouest",48019,112964,85387,204,54626,99.4,357,.6,54983,64.4,"Morin, Billy Conservative/Conservateur"
"Alberta","Edmonton Riverbend",48020,111578,86361,180,60391,99.3,431,.7,60822,70.4,"Jeneroux, Matt Conservative/Conservateur"
"Alberta","Edmonton Southeast/Edmonton-Sud-Est",48021,113208,72286,157,47664,99.1,452,.9,48116,66.6,"Mahal, Jagsharan Singh Conservative/Conservateur"
"Alberta","Edmonton Strathcona",48022,111556,83404,215,59687,99.4,364,.6,60051,72,"McPherson, Heather NDP-New Democratic Party/NPD-Nouveau Parti démocratique"
"Alberta","Edmonton West/Edmonton-Ouest",48023,112943,84946,205,59015,99.4,361,.6,59376,69.9,"McCauley, Kelly Conservative/Conservateur"
"Alberta","Foothills",48024,114930,97153,266,71888,99.5,336,.5,72224,74.3,"Barlow, John Conservative/Conservateur"
"Alberta","Fort McMurray--Cold Lake",48025,110504,80326,207,49466,99.3,325,.7,49791,62,"Goodridge, Laila Conservative/Conservateur"
"Alberta","Grande Prairie",48026,112902,84961,225,58652,99.4,348,.6,59000,69.4,"Warkentin, Chris Conservative/Conservateur"
"Alberta","Lakeland",48027,105652,81581,242,56593,99.6,216,.4,56809,69.6,"Stubbs, Shannon Conservative/Conservateur"
"Alberta","Leduc--Wetaskiwin",48028,114237,90284,219,64161,99.5,341,.5,64502,71.4,"Lake, Mike Conservative/Conservateur"
"Alberta","Lethbridge",48029,123847,95504,254,66937,99.6,240,.4,67177,70.3,"Thomas, Rachael Conservative/Conservateur"
"Alberta","Medicine Hat--Cardston--Warner",48030,103819,80711,211,54100,99.4,339,.6,54439,67.4,"Motz, Glen Conservative/Conservateur"
"Alberta","Parkland",48031,114679,95600,269,71107,99.4,398,.6,71505,74.8,"Lloyd, Dane Conservative/Conservateur"
"Alberta","Peace River--Westlock",48032,113907,82772,262,53369,99.3,398,.7,53767,65,"Viersen, Arnold Conservative/Conservateur"
"Alberta","Ponoka--Didsbury",48033,114521,92020,214,68579,99.2,552,.8,69131,75.1,"Calkins, Blaine Conservative/Conservateur"
"Alberta","Red Deer",48034,115044,88407,185,61828,99.5,309,.5,62137,70.3,"Bailey, Burton Conservative/Conservateur"
"Alberta","St. Albert--Sturgeon River",48036,121306,100651,270,76961,99.6,344,.4,77305,76.8,"Cooper, Michael Conservative/Conservateur"
"Alberta","Sherwood Park--Fort Saskatchewan",48035,126313,105059,266,81627,99.6,301,.4,81928,78,"Genuis, Garnett Conservative/Conservateur"
"Alberta","Yellowhead",48037,115086,94098,246,69290,99.3,484,.7,69774,74.2,"Stevenson, William Conservative/Conservateur"
"British Columbia/Colombie-Britannique","Abbotsford--South Langley/Abbotsford--Langley-Sud",59001,116265,84536,213,55972,99.2,445,.8,56417,66.7,"Gill, Sukhman Conservative/Conservateur"
"British Columbia/Colombie-Britannique","Burnaby Central",59002,120734,84744,197,51493,99.2,430,.8,51923,61.3,"Chang, Wade Liberal/Libéral"
"British Columbia/Colombie-Britannique","Burnaby North--Seymour/Burnaby-Nord--Seymour",59003,119311,89939,217,64058,99.4,407,.6,64465,71.7,"Beech, Terry Liberal/Libéral"
"British Columbia/Colombie-Britannique","Cariboo--Prince George",59004,117160,93553,250,63291,99.4,356,.6,63647,68,"Doherty, Todd Conservative/Conservateur"
"British Columbia/Colombie-Britannique","Chilliwack--Hope",59005,119082,97390,231,65754,99.5,305,.5,66059,67.8,"Strahl, Mark Conservative/Conservateur"
"British Columbia/Colombie-Britannique","Cloverdale--Langley City",59006,117050,83267,183,53566,99.4,348,.6,53914,64.7,"Jansen, Tamara Conservative/Conservateur"
"British Columbia/Colombie-Britannique","Columbia--Kootenay--Southern Rockies",59007,117132,98030,301,71542,99.6,317,.4,71859,73.3,"Morrison, Rob Conservative/Conservateur"
"British Columbia/Colombie-Britannique","Coquitlam--Port Coquitlam",59008,114460,83272,254,57522,99.5,287,.5,57809,69.4,"McKinnon, Ron Liberal/Libéral"
"British Columbia/Colombie-Britannique","Courtenay--Alberni",59009,122668,108515,269,79766,99.5,367,.5,80133,73.8,"Johns, Gord NDP-New Democratic Party/NPD-Nouveau Parti démocratique"
"British Columbia/Colombie-Britannique","Cowichan--Malahat--Langford",59010,124115,105698,295,76174,99.5,361,.5,76535,72.4,"Kibble, Jeff Conservative/Conservateur"
"British Columbia/Colombie-Britannique","Delta",59011,117734,85862,206,63293,99.5,344,.5,63637,74.1,"McKnight, Jill Liberal/Libéral"
"British Columbia/Colombie-Britannique","Esquimalt--Saanich--Sooke",59012,120170,99386,232,73335,99.5,391,.5,73726,74.2,"McLean, Stephanie Liberal/Libéral"
"British Columbia/Colombie-Britannique","Fleetwood--Port Kells",59013,117423,76806,183,48533,99.2,404,.8,48937,63.7,"Saini, Gurbux Liberal/Libéral"
"British Columbia/Colombie-Britannique","Kamloops--Shuswap--Central Rockies",59014,109218,92788,235,68056,99.5,320,.5,68376,73.7,"Arnold, Mel Conservative/Conservateur"
"British Columbia/Colombie-Britannique","Kamloops--Thompson--Nicola",59015,111707,90012,250,62102,99.5,320,.5,62422,69.3,"Caputo, Frank Conservative/Conservateur"
"British Columbia/Colombie-Britannique","Kelowna",59016,105736,84374,195,58841,99.3,392,.7,59233,70.2,"Fuhr, Stephen Liberal/Libéral"
"British Columbia/Colombie-Britannique","Langley Township--Fraser Heights",59017,117251,93162,189,65360,99.4,389,.6,65749,70.6,"Van Popta, Tako Conservative/Conservateur"
"British Columbia/Colombie-Britannique","Mission--Matsqui--Abbotsford",59018,118415,85337,228,59599,99.4,346,.6,59945,70.2,"Vis, Brad Conservative/Conservateur"
"British Columbia/Colombie-Britannique","Nanaimo--Ladysmith",59019,122857,102856,201,74397,99.7,261,.3,74658,72.6,"Kronis, Tamara Conservative/Conservateur"
"British Columbia/Colombie-Britannique","New Westminster--Burnaby--Maillardville",59020,114665,83525,191,55703,99.4,331,.6,56034,67.1,"Sawatzky, Jake Liberal/Libéral"
"British Columbia/Colombie-Britannique","North Island--Powell River",59021,125925,110017,303,80929,99.6,311,.4,81240,73.8,"Gunn, Aaron Conservative/Conservateur"
"British Columbia/Colombie-Britannique","North Vancouver--Capilano",59022,116055,88977,217,63364,99.4,390,.6,63754,71.7,"Wilkinson, Jonathan Liberal/Libéral"
"British Columbia/Colombie-Britannique","Okanagan Lake West--South Kelowna/Okanagan Lake-Ouest--Kelowna-Sud",59023,106794,90095,218,65234,99.4,382,.6,65616,72.8,"Albas, Dan Conservative/Conservateur"
"British Columbia/Colombie-Britannique","Pitt Meadows--Maple Ridge",59024,116916,94031,249,67333,99.5,322,.5,67655,71.9,"Dalton, Marc Conservative/Conservateur"
"British Columbia/Colombie-Britannique","Port Moody--Coquitlam",59025,115367,89103,218,62196,99.3,408,.7,62604,70.3,"Royer, Zoe Liberal/Libéral"
"British Columbia/Colombie-Britannique","Prince George--Peace River--Northern Rockies",59026,116962,89016,261,58992,99.4,366,.6,59358,66.7,"Zimmer, Bob Conservative/Conservateur"
"British Columbia/Colombie-Britannique","Richmond Centre--Marpole/Richmond-Centre--Marpole",59027,116380,80777,200,47486,99.3,332,.7,47818,59.2,"Au, Chak Conservative/Conservateur"
"British Columbia/Colombie-Britannique","Richmond East--Steveston/Richmond-Est--Steveston",59028,116141,84011,214,53055,99.3,361,.7,53416,63.6,"Bains, Parm Liberal/Libéral"
"British Columbia/Colombie-Britannique","Saanich--Gulf Islands",59029,122147,102890,259,79786,99.6,336,.4,80122,77.9,"May, Elizabeth Green Party/Parti Vert"
"British Columbia/Colombie-Britannique","Similkameen--South Okanagan--West Kootenay/Similkameen--Okanagan-Sud--Kootenay-Ouest",59030,111246,95816,279,68216,99.5,319,.5,68535,71.5,"Konanz, Helena Conservative/Conservateur"
"British Columbia/Colombie-Britannique","Skeena--Bulkley Valley",59031,89689,69983,207,44932,99.3,304,.7,45236,64.6,"Ross, Ellis Conservative/Conservateur"
"British Columbia/Colombie-Britannique","South Surrey--White Rock/Surrey-Sud--White Rock",59032,118278,92041,219,65527,99.4,368,.6,65895,71.6,"Klassen, Ernie Liberal/Libéral"
"British Columbia/Colombie-Britannique","Surrey Centre/Surrey-Centre",59033,119724,71528,151,41454,99.1,387,.9,41841,58.5,"Sarai, Randeep Liberal/Libéral"
"British Columbia/Colombie-Britannique","Surrey Newton",59034,119560,64971,167,40975,99.1,387,.9,41362,63.7,"Dhaliwal, Sukh Liberal/Libéral"
"British Columbia/Colombie-Britannique","Vancouver Centre/Vancouver-Centre",59035,115964,86246,199,54061,99.2,422,.8,54483,63.2,"Fry, Hedy Liberal/Libéral"
"British Columbia/Colombie-Britannique","Vancouver East/Vancouver-Est",59036,118675,91705,234,57151,99.4,347,.6,57498,62.7,"Kwan, Jenny NDP-New Democratic Party/NPD-Nouveau Parti démocratique"
"British Columbia/Colombie-Britannique","Vancouver Fraserview--South Burnaby/Vancouver Fraserview--Burnaby-Sud",59037,117482,84489,218,51845,99.3,375,.7,52220,61.8,"Robertson, Gregor Liberal/Libéral"
"British Columbia/Colombie-Britannique","Vancouver Granville",59038,116798,86823,213,59577,99.3,392,.7,59969,69.1,"Noormohamed, Taleeb Liberal/Libéral"
"British Columbia/Colombie-Britannique","Vancouver Kingsway",59039,116499,80608,191,50446,99.3,332,.7,50778,63,"Davies, Don NDP-New Democratic Party/NPD-Nouveau Parti démocratique"
"British Columbia/Colombie-Britannique","Vancouver Quadra",59040,114779,81957,175,55997,99.3,407,.7,56404,68.8,"Grant, Wade Liberal/Libéral"
"British Columbia/Colombie-Britannique","Vernon--Lake Country--Monashee",59041,108606,92921,236,67141,99.4,432,.6,67573,72.7,"Anderson, Scott Conservative/Conservateur"
"British Columbia/Colombie-Britannique","Victoria",59042,123482,102322,243,75768,99.5,370,.5,76138,74.4,"Greaves, Will Liberal/Libéral"
"British Columbia/Colombie-Britannique","West Vancouver--Sunshine Coast--Sea to Sky Country",59043,114257,90706,219,64247,99.6,259,.4,64506,71.1,"Weiler, Patrick Liberal/Libéral"
"Yukon","Yukon",60001,40232,31392,97,22636,99.5,125,.5,22761,72.5,"Hanley, Brendan Liberal/Libéral"
"Northwest Territories/Territoires du Nord-Ouest","Northwest Territories/Territoires du Nord-Ouest",61001,41070,30497,101,16549,98.8,199,1.2,16748,54.9,"Alty, Rebecca Liberal/Libéral"
"Nunavut","Nunavut",62001,36858,21912,58,7657,98.8,90,1.2,7747,35.4,"Idlout, Lori NDP-New Democratic Party/NPD-Nouveau Parti démocratique"
